{"cameraMode":{"drawMode":1,"name":"Wireframe","section":"Shading Mode"},"sceneLighting":true,"audioPlay":false,"sceneViewState":{"showFog":true,"showMaterialUpdate":false,"showSkybox":false,"showFlares":true,"showImageEffects":true,"showParticleSystems":true},"in2DMode":false,"pivot":{"x":-0.9747750759124756,"y":0.022371463477611543,"z":1.9129383563995362},"rotation":{"x":0.01836887188255787,"y":-0.336159348487854,"z":0.006540309637784958,"w":0.9416136741638184},"size":2.0220892429351808,"orthographic":false}