{"cameraMode":{"drawMode":0,"name":"Shaded","section":"Shading Mode"},"sceneLighting":true,"audioPlay":false,"sceneViewState":{"showFog":true,"showMaterialUpdate":false,"showSkybox":false,"showFlares":true,"showImageEffects":true,"showParticleSystems":true},"in2DMode":false,"pivot":{"x":0.7028692364692688,"y":0.1018073558807373,"z":1.8762798309326172},"rotation":{"x":-0.1447160691022873,"y":-0.06051940843462944,"z":0.008868163451552391,"w":-0.9875828623771668},"size":3.7675092220306398,"orthographic":false}